{
    "interactionModel": {
        "languageModel": {
            "invocationName": "sonpari tales",
            "intents": [
                {
                    "name": "AMAZON.CancelIntent",
                    "samples": []
                },
                {
                    "name": "AMAZON.HelpIntent",
                    "samples": []
                },
                {
                    "name": "AMAZON.StopIntent",
                    "samples": []
                },
                {
                    "name": "AMAZON.NavigateHomeIntent",
                    "samples": []
                },
                {
                    "name": "AMAZON.YesIntent",
                    "samples": []
                },
                {
                    "name": "AMAZON.FallbackIntent",
                    "samples": []
                },
                {
                    "name": "AMAZON.NoIntent",
                    "samples": []
                },
                {
                    "name": "PromiseIntent",
                    "slots": [],
                    "samples": [
                        "i promise",
                        "promise",
                        "yes i do",
                        "ok i promise"
                    ]
                },
                {
                    "name": "StoryIntent",
                    "slots": [],
                    "samples": [
                        "tell me a lesson",
                        "recite a story",
                        "story",
                        "share a lesson with me",
                        "tell me a story"
                    ]
                }
            ],
            "types": []
        }
    }
}